LAYER_1,LAYER_2,LOSS_TRAIN,LOSS_TEST
4,3,108.45917,105.762184
8,4,108.44598,105.76972
8,2,108.53335,105.791824
7,3,108.44285,105.80078
7,4,108.510414,105.8092
5,2,108.405846,105.814545
6,2,108.45276,105.8208
5,4,108.48383,105.82611
6,4,108.46347,105.8425
7,2,108.504234,105.88325
5,3,108.523254,105.89539
3,2,108.48591,105.950554
6,3,108.51913,105.995705
4,2,108.57236,106.07988
8,3,108.494545,106.2559
